Date,Time,Open,High,Low,Close,Volume
1998.06.29,00:00,13.15,13.7,13.07,13.55,87
1998.07.06,00:00,13.46,13.54,12.7,12.86,109
1998.07.13,00:00,12.68,13.36,12.6,12.8,141
1998.07.20,00:00,12.85,13.01,12.25,12.83,151
1998.07.27,00:00,12.9,13.25,12.82,13.09,68
1998.08.03,00:00,13.06,13.06,12.42,12.59,82
1998.08.10,00:00,12.61,12.69,11.55,12.05,173
1998.08.17,00:00,12.55,12.68,12.02,12.27,105
1998.08.24,00:00,12.3,12.7,11.98,12.56,119
1998.08.31,00:00,12.3,13.72,12.19,13.31,206
1998.09.07,00:00,13.4,13.74,12.75,12.93,152
1998.09.14,00:00,13.09,14.31,12.83,14.17,189
1998.09.21,00:00,14.33,14.9,14.1,14.43,151
1998.09.28,00:00,14.53,14.9,13.93,14.36,178
1998.10.05,00:00,14.13,14.29,12.95,13.27,183
1998.10.12,00:00,13.29,13.4,12.5,13.13,165
1998.10.19,00:00,13.25,13.36,12.22,12.76,180
1998.10.26,00:00,13,13.38,12.72,13.22,111
1998.11.02,00:00,13.32,13.44,12.33,12.35,126
1998.11.09,00:00,12.45,12.67,11.85,12.44,164
1998.11.16,00:00,12.03,12.32,11.15,11.68,200
1998.11.23,00:00,11.84,11.87,10.65,11.14,175
1998.11.30,00:00,11,11,10.06,10.19,108
1998.12.07,00:00,10.39,10.64,9.6,9.82,152
1998.12.14,00:00,9.97,11.63,9.82,9.98,362
1998.12.21,00:00,9.95,10.28,9.55,10.11,131
1998.12.28,00:00,10.42,10.63,10.31,10.53,54
1999.01.04,00:00,10.93,11.85,10.51,11.73,189
1999.01.11,00:00,11.9,12.33,10.84,11.18,227
1999.01.18,00:00,10.85,11.25,10.42,11.1,142
1999.01.25,00:00,11.03,11.37,10.46,11.35,151
1999.02.01,00:00,11.41,11.45,10.33,10.41,125
1999.02.08,00:00,10.43,10.49,10.03,10.1,60
1999.02.15,00:00,10.45,10.78,9.9,10.4,172
1999.02.22,00:00,10.45,11.22,10.35,10.88,132
1999.03.01,00:00,10.93,11.76,10.63,11.56,164
1999.03.08,00:00,11.85,13.19,11.49,12.56,270
1999.03.15,00:00,12.63,13.97,12.43,13.45,227
1999.03.22,00:00,13.7,14.43,13.39,14.41,138
1999.03.29,00:00,14.4,15.28,14.3,14.72,165
1999.04.05,00:00,15.07,15.15,14,14.86,210
1999.04.12,00:00,14.87,15.75,14.74,15.69,121
1999.04.19,00:00,15.72,16.2,15.6,15.89,104
1999.04.26,00:00,15.82,16.68,15.47,16.57,168
1999.05.03,00:00,16.7,17.09,16.07,16.41,176
1999.05.10,00:00,16.38,16.52,15.45,16.21,198
1999.05.17,00:00,15.85,15.94,14.91,15.58,180
1999.05.24,00:00,15.5,15.66,15.01,15.2,101
1999.05.31,00:00,14.95,15.6,14.53,15.58,152
1999.06.07,00:00,15.64,16.75,15.51,16.73,140
1999.06.14,00:00,16.55,17.2,16.38,16.5,160
1999.06.21,00:00,16.45,16.86,16.08,16.62,140
1999.06.28,00:00,16.64,17.76,16.5,17.66,151
1999.07.05,00:00,17.85,18.64,17.82,18.51,99
1999.07.12,00:00,18.55,19.43,18.31,19.35,145
1999.07.19,00:00,19.2,19.55,18.15,19.53,248
1999.07.26,00:00,19.5,19.95,18.9,19.37,198
1999.08.02,00:00,19.28,20.07,19.2,20.06,97
1999.08.09,00:00,20.1,21,19.98,20.69,146
1999.08.16,00:00,20.35,21.24,20.26,20.99,133
1999.08.23,00:00,21.11,21.27,19.67,20.76,286
1999.08.30,00:00,21.22,21.45,20.74,21.03,124
1999.09.06,00:00,21.25,23.5,21.2,23.44,242
1999.09.13,00:00,23.35,23.8,22.15,22.8,276
1999.09.20,00:00,22.85,24.06,22.32,23.9,244
1999.09.27,00:00,23.8,24.3,23.48,23.67,152
1999.10.04,00:00,23.55,23.58,20.2,20.7,392
1999.10.11,00:00,20.7,22.6,20.35,22.08,313
1999.10.18,00:00,22.65,23.05,21.55,22.93,273
1999.10.25,00:00,23.25,23.4,21.4,21.69,245
1999.11.01,00:00,21.85,23.1,21.74,22.83,175
1999.11.08,00:00,22.63,24.81,22.63,24.59,241
1999.11.15,00:00,24.39,25.21,24.16,25.07,143
1999.11.22,00:00,25.9,25.9,25.1,25.36,107
1999.11.29,00:00,25.2,25.27,23.2,24.95,390
1999.12.06,00:00,25.18,25.8,23.73,24.46,343
1999.12.13,00:00,24.7,25.69,24.13,25.43,240
2000.01.17,00:00,25.55,27.11,25.42,26.35,259
2000.01.24,00:00,26.68,26.95,25.38,25.68,215
2000.01.31,00:00,25.4,27.1,25.21,27.07,212
2000.02.07,00:00,26.85,28.2,26.06,27.82,332
2000.02.14,00:00,26.55,27.48,26.2,26.22,224
2000.02.21,00:00,26.35,28,25.73,27.46,344
2000.02.28,00:00,27.2,29.47,27.2,28.99,276
2000.03.06,00:00,28.95,31.95,28.3,28.94,730
2000.03.13,00:00,28.9,29.13,25.88,26.56,417
2000.03.20,00:00,26.4,26.43,25.14,25.91,210
2000.03.27,00:00,25.65,25.96,24.25,24.77,255
2000.04.03,00:00,25,25.22,22.5,22.58,303
2000.04.10,00:00,22.4,23.2,21.3,22.66,355
2000.04.17,00:00,22.15,24,21.9,23.83,253
2000.04.24,00:00,23.85,24.35,22.95,23.89,277
2000.05.01,00:00,24.1,25.7,24.05,25.29,212
2000.05.08,00:00,25.3,28.38,25.25,28.05,352
2000.05.15,00:00,27.64,29.2,27.48,28.59,250
2000.05.22,00:00,28.55,29.47,27.1,29.22,408
2000.05.29,00:00,28.65,29.52,28.2,29.05,225
2000.06.05,00:00,29.4,29.63,27.9,29.58,329
2000.06.12,00:00,29.85,31.7,27.69,28.35,653
2000.06.19,00:00,27.95,30.6,27.58,30.39,361
2000.06.26,00:00,30.65,31.15,29.36,30.57,351
2000.07.03,00:00,30.65,31.25,28.55,29.7,446
2000.07.10,00:00,29.35,30.3,28.51,29.88,306
2000.07.17,00:00,28.9,29.8,27.47,27.52,329
2000.07.24,00:00,27.5,27.67,26.78,27.36,165
2000.07.31,00:00,27.35,29.55,26.65,29.37,379
2000.08.07,00:00,29.45,31.44,28.37,30.57,503
2000.08.14,00:00,30.5,32.8,29.1,30.44,735
2000.08.21,00:00,30.6,31.24,29.9,30.39,248
2000.08.28,00:00,31.49,32.12,30.67,31.85,255
2000.09.04,00:00,31.95,34.6,31.95,32.78,448
2000.09.11,00:00,32.2,34.37,31.3,31.94,589
2000.09.25,00:00,30.25,31.27,29.25,29.84,364
2000.10.02,00:00,30.2,31.27,29.42,30.1,361
2000.10.09,00:00,30.7,35.3,30.24,32.52,831
2000.10.16,00:00,32.05,32.95,30.56,31.62,436
2000.10.23,00:00,32.05,32.29,30.75,30.95,199
2000.10.30,00:00,30.74,31.71,30.32,30.85,268
2000.11.06,00:00,30.63,32.2,30.4,32.02,222
2000.11.13,00:00,32.3,33.54,31.95,33.08,241
2000.11.20,00:00,33.38,33.95,32.65,33.12,235
2000.11.27,00:00,33,33.45,30.1,30.17,388
2000.12.04,00:00,30.5,30.81,26.13,26.56,543
2000.12.11,00:00,26.98,27.82,25,25.36,403
2000.12.18,00:00,26.14,26.84,22.9,23.66,541
2000.12.25,00:00,24.3,25.15,23.02,23.87,384
2001.01.01,00:00,24.45,26.02,24.2,25.18,292
2001.01.08,00:00,25.33,25.9,24.12,25.75,315
2001.01.15,00:00,25.98,27.2,24.33,27.04,469
2001.01.22,00:00,26.9,27.28,25.83,26.98,283
2001.01.29,00:00,26.85,28.25,26.25,28.1,276
2001.02.12,00:00,27.6,28.26,26.35,26.89,312
2001.02.19,00:00,27.4,27.62,26.05,26.52,227
2001.02.26,00:00,26.5,26.67,25.4,26,205
2001.03.05,00:00,26.53,27.25,26.25,26.33,181
2001.03.12,00:00,26.1,26.25,23.75,25.05,396
2001.03.19,00:00,25.3,25.58,24.5,25.38,209
2001.03.26,00:00,25.54,25.97,24.33,24.74,249
2001.04.02,00:00,24.85,25.95,24.1,25.17,339
2001.04.09,00:00,25.15,26.77,25.08,26.53,201
2001.04.16,00:00,27.95,28.25,26.38,26.39,219
2001.04.23,00:00,26.35,28,26.2,27.79,217
2001.04.30,00:00,27.9,28.48,27.01,28.19,266
2001.05.07,00:00,27.6,28.8,27.5,28.19,202
2001.05.14,00:00,28.19,29.44,27.78,29.39,213
2001.05.21,00:00,29.68,29.68,28.2,28.48,177
2001.05.28,00:00,28.47,29.35,28.38,29.07,135
2001.06.04,00:00,29.43,29.71,28.43,29.44,256
2001.06.11,00:00,29.72,30,27.98,28.12,245
2001.06.18,00:00,28.08,28.08,25.87,26.59,294
2001.06.25,00:00,26.65,27.31,24.91,26.08,424
2001.07.02,00:00,26.3,26.9,25.07,26.81,316
2001.07.09,00:00,26.7,26.76,24.55,24.97,270
2001.07.16,00:00,25.17,25.54,23.98,24.64,260
2001.07.23,00:00,25.1,25.51,24.7,25.19,154
2001.07.30,00:00,25.19,26.17,24.67,25.69,251
2001.08.06,00:00,25.62,26.55,25.51,25.98,173
2001.08.13,00:00,26.15,26.33,24.65,24.73,195
2001.08.20,00:00,24.68,26.2,24.5,25.95,214
2001.08.27,00:00,25.85,26.79,25.8,26.41,143
2001.09.03,00:00,26.5,27.8,26.06,27.69,230
2001.09.10,00:00,27.6,31.05,27.25,28.1,711
2001.09.17,00:00,29.43,29.8,25.29,25.44,504
2001.09.24,00:00,25.1,25.16,20.7,23.26,709
2001.10.01,00:00,23.2,23.25,21.29,21.63,236
2001.10.08,00:00,21.8,23.02,21.22,21.73,354
2001.10.15,00:00,21.68,21.95,20.32,21.35,294
2001.10.22,00:00,21.33,21.59,20.53,21.02,182
2001.10.29,00:00,21.25,21.52,19.04,19.77,349
2001.11.05,00:00,19.72,21.65,18.81,21.38,403
2001.11.12,00:00,21.63,21.63,17.1,17.75,519
2001.11.19,00:00,17.4,20.08,16.65,19.28,499
2001.11.26,00:00,18.6,19.22,17.98,19.14,195
2001.12.03,00:00,18.92,20.25,17.75,19.03,490
2001.12.10,00:00,18.7,18.7,17.7,18.38,169
2001.12.17,00:00,19.05,19.86,18.65,19.36,212
2001.12.24,00:00,19.58,20.9,19.32,20.3,245
2001.12.31,00:00,20.2,22.2,19.46,22.18,351
2002.01.07,00:00,22,22.4,20.45,20.86,277
2002.01.14,00:00,20.6,20.68,18.23,18.45,276
2002.01.21,00:00,18.52,19.6,18.41,19.37,154
2002.01.28,00:00,19.6,20.03,18.38,19.98,293
2002.02.04,00:00,19.8,19.92,18.85,19.72,207
2002.02.11,00:00,19.65,21.7,19.5,20.87,319
2002.02.18,00:00,20.87,20.89,19.8,20.37,169
2002.02.25,00:00,20.3,22.25,19.85,21.89,322
2002.03.04,00:00,21.85,24.15,21.62,23.33,359
2002.03.11,00:00,23.8,24.25,23.37,24.06,151
2002.03.18,00:00,24.4,25.68,24.16,25.36,209
2002.03.25,00:00,25.15,25.95,24.65,25.92,184
2002.04.01,00:00,26.36,28.15,25.3,25.99,534
2002.04.08,00:00,26.78,27.43,23.81,24.29,476
2002.04.15,00:00,23.75,26.05,23.47,25.85,307
2002.04.22,00:00,26.3,26.39,25,26.19,268
2002.04.29,00:00,25.95,26.73,24.8,25.75,367
2002.05.06,00:00,25.4,26.56,24.78,26.38,259
2002.05.13,00:00,25.9,27.35,25.75,26.36,275
2002.05.20,00:00,26.36,26.67,24.98,25.18,221
2002.05.27,00:00,25.27,25.3,23.93,24.05,153
2002.06.03,00:00,24.1,24.55,23.6,23.99,180
2002.06.10,00:00,23.94,24.23,23.22,24.06,191
2002.06.17,00:00,25.28,25.64,24.35,24.75,206
2002.06.24,00:00,24.89,25.85,24.66,25.58,170
2002.07.01,00:00,25.5,25.98,25.39,25.73,96
2002.07.08,00:00,25.7,26.44,24.75,26.32,277
2002.07.15,00:00,26.5,26.66,25.58,26.43,210
2002.07.22,00:00,26.01,26.07,24.65,25.03,187
2002.07.29,00:00,25.03,26.04,24.65,25.31,251
2002.08.05,00:00,25.35,25.56,24.73,25.34,166
2002.08.12,00:00,25.3,27.2,25,27,271
2002.08.19,00:00,26.8,27.68,26.75,26.99,168
2002.08.26,00:00,27.68,27.92,26.77,27.47,210
2002.09.02,00:00,27.4,28.95,26.45,28.29,412
2002.09.09,00:00,28.61,29.02,27.48,28.31,279
2002.09.16,00:00,28.68,28.7,27.27,28.43,262
2002.09.23,00:00,28.86,29.88,28.66,28.88,243
2002.09.30,00:00,29.3,29.39,27.9,28.12,181
2002.10.07,00:00,28.5,28.6,27.35,27.99,200
2002.10.14,00:00,28.06,28.78,27.55,27.84,225
2002.10.21,00:00,27.72,27.75,25.35,25.46,255
2002.10.28,00:00,25.6,26.05,25.05,25.41,182
2002.11.04,00:00,25.25,25.54,23.3,23.58,282
2002.11.11,00:00,23.75,24.3,22.56,23.35,309
2002.11.18,00:00,23.59,25.33,23.52,25.21,201
2002.11.25,00:00,25.51,25.71,24.65,25.16,178
2002.12.02,00:00,25.35,26.1,25.12,25.46,186
2002.12.09,00:00,25.9,27.74,25.47,27.21,324
2002.12.16,00:00,27.09,29.4,27.06,28.34,344
2002.12.23,00:00,28.9,30.39,28.34,30.16,285
2002.12.30,00:00,30.6,31.02,28.6,30.77,468
2003.01.06,00:00,30.69,30.88,27.85,29.67,505
2003.01.13,00:00,29.3,31.25,29.2,30.54,287
2003.01.20,00:00,30.75,31.21,29.6,30.49,297
2003.01.27,00:00,30.75,31.44,29.83,31.1,288
2003.02.03,00:00,30.89,32.5,30.1,32.34,336
2003.02.10,00:00,32.6,33,31.6,32.5,271
2003.02.17,00:00,32.66,32.66,31.54,32.27,186
2003.02.24,00:00,32.55,33.94,32.2,32.79,325
2003.03.03,00:00,32.45,34.2,32.01,34.1,274
2003.03.10,00:00,34.55,34.55,30.55,31.38,484
2003.03.17,00:00,30.35,31.65,24,24.35,931
2003.03.24,00:00,24.5,27.74,24.5,26.35,464
2003.03.31,00:00,26.36,27.56,24.3,24.68,485
2003.04.07,00:00,24.3,25.4,23.4,24.75,356
2003.04.14,00:00,24.65,25.9,24.2,25.88,218
2003.04.21,00:00,25.95,26.11,23.5,24.09,337
2003.04.28,00:00,23.75,24.39,23.05,23.52,246
2003.05.05,00:00,24.25,25.47,23.37,25.1,336
2003.05.12,00:00,25.58,27.01,24.84,26.1,383
2003.05.19,00:00,26.3,26.7,25.3,26.24,275
2003.05.26,00:00,26.28,26.72,25.27,26.32,287
2003.06.02,00:00,26.7,27.87,26.35,27.78,197
2003.06.09,00:00,27.78,28.52,27.1,27.46,253
2003.06.16,00:00,26.65,27.16,25.8,27.02,236
2003.06.23,00:00,27.15,27.75,26.51,27.3,234
2003.06.30,00:00,27.55,28.76,27.1,27.63,325
2003.07.07,00:00,27.85,29.6,27.21,29.19,345
2003.07.14,00:00,28.95,29.3,28.23,28.93,213
2003.07.21,00:00,29,29,27.29,28.18,261
2003.07.28,00:00,28,30.05,27.61,29.99,290
2003.08.04,00:00,29.63,30.59,29.3,29.99,223
2003.08.11,00:00,29.85,30.2,28.38,28.83,263
2003.08.18,00:00,29.2,30.15,28.02,29.7,377
2003.08.25,00:00,29.4,29.89,29.1,29.49,150
2003.09.01,00:00,29.45,29.55,26.81,27.21,325
2003.09.08,00:00,27.32,27.72,26.25,26.77,240
2003.09.15,00:00,26.45,26.65,25.1,25.32,198
2003.09.22,00:00,25.2,27.2,25.05,26.64,287
2003.09.29,00:00,26.95,28.77,26.74,28.71,231
2003.10.06,00:00,29.05,31.5,28.35,30.9,446
2003.10.13,00:00,30.8,31.2,27.55,29.03,554
2003.10.20,00:00,28.8,29.25,27.85,28.58,259
2003.10.27,00:00,28.65,28.68,26.75,27.7,292
2003.11.03,00:00,28.02,29.2,26.97,28.91,358
2003.11.10,00:00,29.4,29.44,28.65,29.21,140
2003.11.17,00:00,29.35,30.52,28.65,29.36,374
2003.11.24,00:00,29.07,29.1,27.4,28.45,279
2003.12.01,00:00,28.26,29.65,27.76,28.74,331
2003.12.08,00:00,28.91,30.5,28.89,30.37,177
2003.12.15,00:00,29.85,31.15,29.65,30.05,281
2003.12.22,00:00,29.97,29.97,28.47,29.06,210
2003.12.29,00:00,29.3,30.2,29.15,29.32,209
2004.01.05,00:00,29.9,31.8,29.85,31.37,244
2004.01.12,00:00,31.6,32.12,29.45,30.47,422
2004.01.19,00:00,30.65,31.32,30.2,30.96,194
2004.01.26,00:00,30.76,30.83,28.81,29.18,247
2004.02.02,00:00,28.75,30.35,28.45,28.83,373
2004.02.09,00:00,29.05,30.47,28.77,30.07,239
2004.02.16,00:00,30.55,31.37,30,30.69,261
2004.02.23,00:00,30.55,32.35,30.45,32.23,213
2004.03.01,00:00,32.33,33.58,31.81,33.35,253
2004.03.08,00:00,33.51,33.57,31.62,32.24,264
2004.03.15,00:00,32.5,33.82,32.34,33.26,221
2004.03.22,00:00,33.04,33.6,31.2,31.99,376
2004.03.29,00:00,31.66,33,29.95,30.21,466
2004.04.05,00:00,30.3,33.4,30.15,33.34,347
2004.04.12,00:00,33.7,34.05,32.42,33.64,321
2004.04.19,00:00,33.58,34.2,32.31,33.09,330
2004.04.26,00:00,33.35,35,33.25,34.48,238
2004.05.03,00:00,35.15,37.2,34.95,37,266
2004.05.10,00:00,36.8,38.95,35.33,38.76,529
2004.05.17,00:00,38.1,38.32,36.35,36.51,236
2004.05.24,00:00,36.18,38.2,35.95,36.58,411
2004.05.31,00:00,36.6,39.12,35.5,35.67,632
2004.06.07,00:00,35.35,36.55,34.43,35.44,416
2004.06.14,00:00,35.42,36.65,34.75,36.21,302
2004.06.21,00:00,35.96,36.59,34.6,34.97,300
2004.06.28,00:00,34.48,36.45,33.08,35.92,531
2004.07.05,00:00,36.25,37.8,36.25,37.05,231
2004.07.12,00:00,36.95,38.58,36.11,38,390
2004.07.19,00:00,37.5,38.38,36.96,38.27,208
2004.07.26,00:00,38.5,40.05,37.75,40.03,308
2004.08.02,00:00,39.7,41.5,39.54,40.63,300
2004.08.09,00:00,40.4,43.92,40.27,43.88,383
2004.08.16,00:00,43.15,45.15,42.15,43.54,562
2004.08.23,00:00,43.88,44.05,39.67,40.64,553
2004.08.30,00:00,39.75,43.04,39.2,41.23,621
2004.09.06,00:00,41.3,42.6,40,40.2,411
2004.09.13,00:00,41.05,42.52,40,42.45,365
2004.09.20,00:00,42.55,45.75,42.1,45.33,453
2004.09.27,00:00,45.7,46.8,45.05,46.62,259
2004.10.04,00:00,46.25,49.75,45.8,49.71,445
2004.10.11,00:00,49.6,51.5,48.5,50.84,477
2004.10.18,00:00,50.3,51.65,47.9,51.22,659
2004.10.25,00:00,51.3,51.95,47.68,48.98,623
2004.11.01,00:00,49.2,49.6,45.45,46.42,553
2004.11.08,00:00,46.3,46.3,42.2,42.31,422
2004.11.15,00:00,43.55,44.9,41.3,44.89,587
2004.11.22,00:00,44.95,45.92,43.5,44.57,447
2004.11.29,00:00,44.7,46.7,38.8,39.36,1047
2004.12.06,00:00,39.5,40.52,37.3,37.38,433
2004.12.13,00:00,37.8,43.45,37,43.39,732
2004.12.20,00:00,43.1,43.4,39.95,40.07,388
2004.12.27,00:00,38.7,40.59,38.4,40.46,263
2005.01.03,00:00,39.4,43.75,38.81,43.18,611
2005.01.10,00:00,43.2,45.47,42.5,45.15,400
2005.01.17,00:00,45.35,46.35,43.73,45.73,487
2005.01.24,00:00,46.36,47.35,44.5,44.95,430
2005.01.31,00:00,44.5,45.95,43.15,43.89,500
2005.02.07,00:00,43.7,44.92,42.46,44.8,383
2005.02.14,00:00,45.07,46.64,44.65,46.34,272
2005.02.21,00:00,46.45,49.9,46.39,49.61,387
2005.02.28,00:00,50,53,49.05,51.8,611
2005.03.07,00:00,51.74,54.3,50.95,53.1,535
2005.03.14,00:00,53.09,56.15,52.46,55.59,489
2005.03.21,00:00,55.59,55.87,52.65,53.93,479
2005.03.28,00:00,53,56.6,51.8,56.51,610
2005.04.04,00:00,56.8,57.65,52.58,52.89,624
2005.04.11,00:00,52.8,53.6,50.4,51.61,522
2005.04.18,00:00,51.15,55.4,50.44,54.97,611
2005.04.25,00:00,55.54,55.74,50.35,51.09,634
2005.05.02,00:00,51.78,51.98,49.66,50.77,364
2005.05.09,00:00,51.4,52.43,47.71,48.66,671
2005.05.16,00:00,49.16,49.8,47.6,48.03,328
2005.05.23,00:00,47.91,50.8,47.47,50.7,388
2005.05.30,00:00,50.47,54.24,49.87,54.17,505
2005.06.06,00:00,54.3,54.62,51.61,52.67,440
2005.06.13,00:00,52.55,57.95,52.55,57.76,560
2005.06.20,00:00,57.8,58.58,56.38,58.36,385
2005.06.27,00:00,58.85,59.59,55.46,57.54,696
2005.07.04,00:00,57.65,60.7,55.55,58.2,976
2005.07.11,00:00,57.6,59.58,56.62,57.31,564
2005.07.18,00:00,57.8,58.54,55.25,57.58,637
2005.07.25,00:00,57.55,59.84,56.56,59.37,475
2005.08.01,00:00,59.85,61.26,59.37,61.07,257
2005.08.08,00:00,61.3,66.77,61.24,66.45,592
2005.08.15,00:00,65.73,66.85,61.45,64.36,944
2005.08.22,00:00,64.4,66.65,63.59,64.87,566
2005.08.29,00:00,66.65,68.89,64.83,66.06,754
2005.09.05,00:00,66,66.08,61.59,62.84,583
2005.09.12,00:00,62.83,64.75,61.14,61.81,621
2005.09.19,00:00,62.35,65.8,62.01,62.44,750
2005.09.26,00:00,64.2,64.72,61,63.48,673
2005.10.03,00:00,63.63,63.96,58.24,59.21,703
2005.10.10,00:00,59.2,61.31,57.43,59.35,762
2005.10.17,00:00,60.28,61.12,57.05,58.48,635
2005.10.24,00:00,57.93,60.78,57.36,59.42,536
2005.10.31,00:00,59.24,60.65,57.44,59.03,622
2005.11.07,00:00,58.95,59.94,54.74,54.99,645
2005.11.14,00:00,55.25,56.78,54.33,54.88,454
2005.11.21,00:00,55.37,56.66,54.75,55.01,347
2005.11.28,00:00,55.5,57.21,53.75,57.05,538
2005.12.05,00:00,57.5,59.58,56.85,57.31,528
2005.12.12,00:00,58,60.4,57.06,57.13,582
2005.12.19,00:00,57.12,57.73,55.81,56.69,342
2005.12.26,00:00,56.1,59.23,55.52,58.98,455
2006.01.02,00:00,59.35,63.09,59.08,62.72,466
2006.01.09,00:00,62.7,63.28,61.04,62.26,405
2006.01.16,00:00,62.8,67.32,62.77,66.43,548
2006.01.23,00:00,67.05,67.07,63.87,66.24,560
2006.01.30,00:00,66.68,67.27,62.15,63.39,696
2006.02.06,00:00,64.22,64.39,59.41,59.64,539
2006.02.13,00:00,60.9,61.38,57.9,59.89,596
2006.02.20,00:00,60.83,62.87,59.81,62.6,436
2006.02.27,00:00,62.2,64.64,60.51,64.18,629
2006.03.06,00:00,63.8,64.14,59.26,60.83,680
2006.03.13,00:00,60.8,64.51,60.6,63.26,537
2006.03.20,00:00,63.44,63.9,60.98,63.51,578
2006.03.27,00:00,63.5,67.05,62.8,65.91,610
2006.04.03,00:00,66.69,68.24,65.73,67.29,443
2006.04.10,00:00,67.45,69.97,67.4,69.42,318
2006.04.17,00:00,70.82,74.79,70.52,74.57,480
2006.04.24,00:00,74.68,74.69,70.45,72.02,583
2006.05.01,00:00,71.98,74.97,69.79,70.95,934
2006.05.08,00:00,71.12,73.88,69.06,72.32,845
2006.05.15,00:00,71.5,71.5,68.25,68.68,369
2006.05.22,00:00,68.95,71.35,67.63,70.59,581
2006.05.29,00:00,70.8,71.99,69.01,71.03,574
2006.06.05,00:00,71.98,72.67,67.73,70.48,839
2006.06.12,00:00,70.5,71.2,66.33,68.8,805
2006.06.19,00:00,68.75,70.38,67.42,69.93,475
2006.06.26,00:00,69.86,73.69,69.47,73.51,480
2006.07.03,00:00,73.26,75.09,72.45,73.51,504
2006.07.10,00:00,73.2,78.03,72.11,77.27,778
2006.07.17,00:00,77.98,78.18,72.59,73.75,696
2006.07.24,00:00,73.66,75.54,72.78,73.39,526
2006.07.31,00:00,73.22,77.47,72.7,76.13,664
2006.08.07,00:00,76.15,78.64,75.1,75.7,664
2006.08.14,00:00,75.16,75.26,71.31,72.15,490
2006.08.21,00:00,72.59,74.09,71.61,72.65,491
2006.08.28,00:00,72.21,72.47,68.82,69.2,430
2006.09.04,00:00,69.15,69.49,65.16,65.35,487
2006.09.11,00:00,65.2,65.44,61.96,63.47,524
2006.09.18,00:00,63.47,64.86,60.11,60.3,634
2006.09.25,00:00,60.05,63.63,59.32,62.5,618
2006.10.02,00:00,62.7,62.82,57.7,59.83,738
2006.10.09,00:00,60.25,61.66,58.16,59.52,628
2006.10.16,00:00,61.13,62.5,59.31,59.68,494
2006.10.23,00:00,59.25,62.35,58.52,61.08,584
2006.10.30,00:00,61.2,61.2,57.39,59.15,558
2006.11.06,00:00,58.94,61.43,58.44,59.71,522
2006.11.13,00:00,59.8,61.37,57.85,58.99,624
2006.11.20,00:00,58.56,60.58,58.24,60.03,322
2006.11.27,00:00,59.78,64.92,59.47,64.62,607
2006.12.04,00:00,64.59,64.75,62.13,62.2,286
2006.12.11,00:00,62.16,62.81,61.05,62.12,349
2006.12.18,00:00,63.34,63.59,61.47,62.42,333
2006.12.25,00:00,62.54,63.3,60.04,60.86,485
2007.01.01,00:00,60.88,61.64,54.5,55.64,905
2007.01.08,00:00,55.86,57.19,51.65,52.95,818
2007.01.15,00:00,53.09,53.88,50.75,53.44,592
2007.01.22,00:00,53.8,55.88,52.18,55.29,592
2007.01.29,00:00,55.6,58.67,53.56,58.41,742
2007.02.05,00:00,58.55,59.63,56.74,59.01,533
2007.02.12,00:00,58.51,59.31,56.2,58.95,579
2007.02.19,00:00,58.75,61.68,56.81,60.88,762
2007.02.26,00:00,61.1,62.74,60.1,62.08,431
2007.03.05,00:00,61.65,62.84,60,61.13,517
2007.03.12,00:00,61,62.11,59.79,60.3,395
2007.03.19,00:00,60.48,63.68,60,63.18,467
2007.03.26,00:00,63.59,69.14,63.33,68.1,712
2007.04.02,00:00,67.85,69.58,66.93,68.24,492
2007.04.09,00:00,67.87,69.59,66.38,68.97,533
2007.04.16,00:00,68.75,69.17,64.76,66.49,657
2007.04.23,00:00,66.51,68.75,65.98,68.41,365
2007.04.30,00:00,68.23,68.73,64.95,65.31,465
2007.05.07,00:00,65.22,66.98,63.8,66.83,476
2007.05.14,00:00,66.65,70.35,65.93,69.42,608
2007.05.21,00:00,69.23,71.8,69.1,70.74,390
2007.05.28,00:00,70.45,70.5,66.8,68.8,576
2007.06.04,00:00,68.94,71.72,68.41,68.72,641
2007.06.11,00:00,68.69,71.88,68.2,71.55,451
2007.06.18,00:00,71.59,72.25,69.56,71.12,492
2007.06.25,00:00,70.62,71.6,69.4,71.35,368
2007.07.02,00:00,71.22,76.01,70.92,75.5,591
2007.07.09,00:00,75.5,77.7,74.91,77.61,348
2007.07.16,00:00,77.12,77.98,75.03,77.51,552
2007.07.23,00:00,77.35,77.5,74.23,76.36,556
2007.07.30,00:00,75.9,77.18,74.24,74.45,444
2007.08.06,00:00,74.45,74.73,68.95,70.5,762
2007.08.13,00:00,70.46,72.24,69.05,70.2,613
2007.08.20,00:00,69.7,70.84,68.14,70.72,439
2007.08.27,00:00,70.47,73.09,69.49,72.57,511
2007.09.03,00:00,72.72,75.7,72.69,74.97,378
2007.09.10,00:00,74.83,77.93,73.86,77.42,556
2007.09.17,00:00,76.07,79.94,75.52,79.03,589
2007.09.24,00:00,78.9,81.05,76.36,79.09,920
2007.10.01,00:00,79.25,79.54,76.31,78.83,605
2007.10.08,00:00,78.42,80.92,75.64,80.64,835
2007.10.15,00:00,80,84.88,80,83.5,627
2007.10.22,00:00,83.33,89.3,81.63,88.76,992
2007.10.29,00:00,89.2,92.21,86.13,91.85,952
2007.11.05,00:00,91.7,95.19,90.18,93.19,854
2007.11.12,00:00,92.75,93.46,87.88,91.51,993
2007.11.19,00:00,91.98,96.53,90.98,95.67,742
2007.11.26,00:00,96.24,96.65,87.55,88.1,1007
2007.12.03,00:00,88.78,91.91,86.56,88.61,1054
2007.12.10,00:00,88.77,94.44,87.51,92.68,996
2007.12.17,00:00,92.06,92.95,89.33,92.45,686
2007.12.24,00:00,92.29,95.87,91.35,94.15,719
2007.12.31,00:00,94.29,98.5,93.25,96.75,805
2008.01.07,00:00,96.59,97.48,90.83,91.3,802
2008.01.14,00:00,91.07,93.25,88.21,89.23,825
2008.01.21,00:00,89.57,91.4,85,91,1138
2008.01.28,00:00,90.67,92.83,88.95,89.57,667
2008.02.04,00:00,89.1,92.32,86.83,91.91,818
2008.02.11,00:00,92.67,95.8,91.09,94.8,730
2008.02.18,00:00,94.53,99.22,94.44,97.1,700
2008.02.25,00:00,97.67,101.27,96.34,100.1,744
2008.03.03,00:00,100.01,103.98,96.92,102.65,1149
2008.03.10,00:00,102.3,108.02,101.2,107.45,850
2008.03.17,00:00,105.9,107.97,98,99.98,1403
2008.03.24,00:00,99.55,105.6,98.7,103.36,1000
2008.03.31,00:00,103.22,105.32,98.99,104.85,1104
2008.04.07,00:00,104.75,109.98,104.6,108.72,680
2008.04.14,00:00,108.4,114.22,108.09,114.18,649
2008.04.21,00:00,113.85,117.56,112.49,116.65,735
2008.04.28,00:00,117.32,117.51,108.42,114.45,1532
2008.05.05,00:00,114.31,125.9,114.21,125.55,1215
2008.05.12,00:00,125.63,126.34,120.1,125.05,1191
2008.05.19,00:00,125.28,135.14,123.59,130.75,1764
2008.05.26,00:00,131.25,133.41,125,128.27,1385
2008.06.02,00:00,127.22,138.12,121.32,137.41,2342
2008.06.09,00:00,137.25,137.74,130.5,134.26,1150
2008.06.16,00:00,134.78,139.32,131.48,134.4,1531
2008.06.23,00:00,134.56,142.97,132,140.37,1614
2008.06.30,00:00,141.29,146.69,139.54,144.48,1112
2008.07.07,00:00,144.81,147.5,135.5,144.42,2362
2008.07.14,00:00,144.37,145.55,129.66,130,1742
2008.07.21,00:00,131.04,133.75,123.39,124.34,1403
2008.07.28,00:00,124.4,127.94,120.88,124.26,1399
2008.08.04,00:00,125.3,125.3,112.8,113.2,1291
2008.08.11,00:00,113.85,115.32,110.47,112.64,850
2008.08.18,00:00,112.3,120.93,110.7,113.9,1887
2008.08.25,00:00,113,118.26,111.65,115.17,1106
2008.09.01,00:00,115.5,115.56,103.43,104.58,1335
2008.09.08,00:00,105.74,106.9,96.33,97,1241
2008.09.15,00:00,98.5,100.5,88.9,99.75,2196
2008.09.22,00:00,99.5,107.11,99.5,103.53,1120
2008.09.29,00:00,103.22,103.29,88,89.26,1663
2008.10.06,00:00,88.3,88.65,73.14,76.03,1876
2008.10.13,00:00,77,80.74,66.37,69.75,2150
2008.10.20,00:00,70.65,73.61,61,62.7,1728
2008.10.27,00:00,61.45,68.35,59.02,65.6,1452
2008.11.03,00:00,64.3,67.76,56.44,57.5,1585
2008.11.10,00:00,58.38,61.98,50.6,51.99,1638
2008.11.17,00:00,53.37,56.15,47.4,49.25,1339
2008.11.24,00:00,50,54.9,48,54.5,931
2008.12.01,00:00,53,53,39.35,39.74,1405
2008.12.08,00:00,40.48,48.36,40.48,46.75,950
2008.12.15,00:00,47.25,49.96,43.03,44.42,1104
2008.12.22,00:00,44.65,44.77,36.2,38.44,1094
2008.12.29,00:00,39.68,47.33,38.1,47.04,1111
2009.01.05,00:00,48.15,52.21,42.79,43.75,1445
2009.01.12,00:00,44.57,49.12,41.84,46.18,1296
2009.01.19,00:00,46.1,48.61,42.85,47.46,1017
2009.01.26,00:00,47.46,49.65,43.55,45.93,1068
2009.02.02,00:00,46.06,47.48,43.7,46.4,723
2009.02.09,00:00,46.06,48.42,43.92,45,795
2009.02.16,00:00,44.31,45.5,39.35,41.83,983
2009.02.23,00:00,41.66,46.63,40.3,45.84,849
2009.03.02,00:00,45.56,46.54,41.6,44.59,892
2009.03.09,00:00,45.37,46.36,41.3,44.71,947
2009.03.16,00:00,44.21,51.7,43.48,51.4,926
2009.03.23,00:00,52,53.86,51.1,51.6,513
2009.03.30,00:00,51.5,54.26,47.26,53.55,1196
2009.04.06,00:00,53.63,54.31,49.8,54.1,856
2009.04.13,00:00,53.98,54.12,50.9,53.3,577
2009.04.20,00:00,53.06,53.06,48.31,51.59,804
2009.04.27,00:00,51.02,53.05,48.4,52.65,768
2009.05.04,00:00,52.72,58.5,52.36,58.5,651
2009.05.11,00:00,57.8,59.05,56,56.69,500
2009.05.18,00:00,56.19,60.94,55.91,60.63,563
2009.05.25,00:00,61.06,65.8,58.41,65.8,1005
2009.06.01,00:00,65.7,69.91,64.91,68.5,721
2009.06.08,00:00,67.8,72.27,66.88,70.76,783
2009.06.15,00:00,71.76,72.4,68.63,69.3,509
2009.06.22,00:00,69.47,70.81,65.9,69.15,951
2009.06.29,00:00,68.87,73.5,65.25,65.43,1307
2009.07.06,00:00,65.12,65.46,59.53,60.29,704
2009.07.13,00:00,60.66,65.93,59.49,65.33,822
2009.07.20,00:00,65.19,70.46,65.03,70.32,574
2009.07.27,00:00,70.06,72.12,66.14,71.8,1023
2009.08.03,00:00,71.67,76,71.5,73.19,749
2009.08.10,00:00,73.23,74.72,71.68,72.41,527
2009.08.17,00:00,71.35,74.97,69.21,74.08,880
2009.08.24,00:00,74.21,74.75,70.42,72.87,733
2009.08.31,00:00,72.87,72.95,65.96,66.56,768
2009.09.07,00:00,66.69,70.88,66.38,67.5,820
2009.09.14,00:00,67.5,72.2,66.66,71.1,749
2009.09.21,00:00,71.17,71.45,64.08,65.15,873
2009.09.28,00:00,65.42,69.79,64.49,67.68,835
2009.10.05,00:00,67.45,70.56,65.9,70.25,653
2009.10.12,00:00,70.29,77.22,70.29,77.14,702
2009.10.19,00:00,77.09,80.26,76.04,78.16,738
2009.10.26,00:00,78.49,80.1,75.09,75.2,674
2009.11.02,00:00,75.24,79.45,74.98,76.05,814
2009.11.09,00:00,76.26,78.92,75.03,75.55,708
2009.11.16,00:00,76.79,80.14,76.5,77.6,648
2009.11.23,00:00,77.55,79.58,73.7,77.12,1134
2009.11.30,00:00,77.46,79.91,76.4,77.74,675
2009.12.07,00:00,77.83,78.25,71.02,71.66,830
2009.12.14,00:00,71.47,74.97,71.16,73.88,522
2009.12.21,00:00,73.62,76.5,71.97,76.1,659
2009.12.28,00:00,76.3,78.94,76.2,78,379
2010.01.04,00:00,78.49,82.21,78.34,81.43,481
2010.01.11,00:00,81.53,82.45,77.04,77.82,712
2010.01.18,00:00,76.91,77.85,72.17,72.38,684
2010.01.25,00:00,72.46,73.8,71.02,71.18,429
2010.02.01,00:00,71.35,76.99,67.87,70.3,1720
2010.02.08,00:00,70.36,73.58,69.21,73.05,606
2010.02.15,00:00,73.12,78.45,72.29,78.45,700
2010.02.22,00:00,78.44,78.94,75.29,77.65,652
2010.03.01,00:00,77.69,80.53,76.21,80.08,626
2010.03.08,00:00,80.21,81.46,78.7,79.46,478
2010.03.15,00:00,79.09,82.08,77.27,79.88,884
2010.03.22,00:00,79.61,81.17,78,79.29,603
2010.03.29,00:00,79.48,84.5,79.48,84.42,511
2010.04.05,00:00,84.47,86.63,83.95,84.93,491
2010.04.12,00:00,84.87,87.97,83.51,85.66,814
2010.04.19,00:00,85.74,87.33,83.25,87.21,670
2010.04.26,00:00,87.27,87.75,84.88,87.47,555
2010.05.03,00:00,87.44,89.58,77.51,78.58,1529
2010.05.10,00:00,78.9,81.76,76.8,77.18,821
2010.05.17,00:00,78.05,78.47,70.2,72.11,1061
2010.05.24,00:00,71.8,75.74,68.15,74.2,1279
2010.05.31,00:00,74.02,76.55,71.48,71.66,779
2010.06.07,00:00,71.55,75.88,70.5,74.79,753
2010.06.14,00:00,74.51,79.1,74.44,78.42,542
2010.06.21,00:00,78.49,79.86,75.4,78.41,885
2010.06.28,00:00,78.14,78.66,71.21,71.93,870
2010.07.05,00:00,71.56,75.86,70.77,75.16,659
2010.07.12,00:00,75.19,77.79,73.67,75.35,809
2010.07.19,00:00,75.13,78.1,74.75,77.34,450
2010.07.26,00:00,77.45,78.31,74.8,78.26,622
2010.08.02,00:00,78.11,82.86,78.1,80.36,728
2010.08.09,00:00,80.49,81.38,74.67,75.25,819
2010.08.16,00:00,75.72,77.69,74,74.33,600
2010.08.23,00:00,74.46,76.93,71.75,76.93,790
2010.08.30,00:00,76.65,77.46,74.24,76.62,642
2010.09.06,00:00,76.62,78.85,75.56,78.15,506
2010.09.13,00:00,78.23,79.9,77.25,77.97,505
2010.09.20,00:00,78.2,80,76.75,78.8,591
2010.09.27,00:00,79.01,83.81,77.6,83.81,763
2010.10.04,00:00,83.81,86.02,81.86,84.19,795
2010.10.11,00:00,84.33,85.46,82.48,84.53,577
2010.10.18,00:00,83.05,84.5,80.75,82.9,736
2010.10.25,00:00,83.15,84.2,81.85,83.14,470
2010.11.01,00:00,83.13,88.8,82.82,88.47,663
2010.11.08,00:00,88.3,89.7,85.76,86.04,563
2010.11.15,00:00,86.36,87.49,82.96,84.13,684
2010.11.22,00:00,84.34,86.5,82.43,85.8,669
2010.11.29,00:00,85.5,91.85,85.41,91.68,671
2010.12.06,00:00,91.46,92.86,89.86,90.53,508
2010.12.13,00:00,90.65,92.42,90.33,91.75,309
2010.12.20,00:00,91.65,94.74,91.02,93.46,564
2010.12.27,00:00,93.76,95.2,92.18,94.59,522
2011.01.03,00:00,94.75,96.17,92.37,93.72,658
2011.01.10,00:00,93.8,99.2,93.6,98.68,633
2011.01.17,00:00,98.33,98.75,95.43,97.59,591
2011.01.24,00:00,97.59,99.74,94.75,99.33,825
2011.01.31,00:00,99.61,103.37,98.5,100.1,926
2011.02.07,00:00,99.83,102.88,97.51,101.43,915
2011.02.14,00:00,101.13,104.52,100.73,102.82,590
2011.02.21,00:00,102.96,119.79,102.93,112.43,2426
2011.02.28,00:00,112.5,117.81,111.25,115.99,964
2011.03.07,00:00,116.12,118.5,112.13,113.44,1007
2011.03.14,00:00,113.6,117.29,107.4,113.93,1946
2011.03.21,00:00,114.75,116.4,114.15,116.02,324
2011.03.28,00:00,115.75,119.14,113.52,119.1,790
2011.04.04,00:00,119.05,126.91,118.75,126.75,863
2011.04.11,00:00,126.58,127.02,120,123.66,1113
2011.04.18,00:00,123.15,124.81,119.03,124.16,1056
2011.04.25,00:00,123.99,126.66,122.71,126.03,587
2011.05.02,00:00,126.1,126.54,105.15,109.88,2657
2011.05.09,00:00,110.2,118.43,109.05,113.84,1513
2011.05.16,00:00,113,113.5,108.07,112.35,1022
2011.05.23,00:00,112.12,115.68,108.58,115,1133
2011.05.30,00:00,114.87,117.49,113.4,116.05,701
2011.06.06,00:00,115.96,120.07,113.8,118.56,995
2011.06.13,00:00,118.46,120.75,111.05,113.08,1403
2011.06.20,00:00,112.96,114.48,103.62,105.67,1444
2011.06.27,00:00,105.36,113.24,102.28,111.48,1581
2011.07.04,00:00,111.3,119.87,110.45,118.32,1183
2011.07.11,00:00,118.27,119.86,114.95,118.32,978
2011.07.18,00:00,117.55,119.25,114.66,118.51,823
2011.07.25,00:00,118.36,119.05,115.75,116.85,510
2011.08.01,00:00,117,120.4,104.3,109.58,2479
2011.08.08,00:00,108.5,109.16,98.74,107.8,2015
2011.08.15,00:00,108.1,111.74,105.06,109.22,1225
2011.08.22,00:00,108.5,111.7,105.15,111.25,1036
2011.08.29,00:00,110.77,115.36,110.53,112.52,792
2011.09.05,00:00,112.5,116.6,109.85,112.53,1348
2011.09.12,00:00,112.43,114.25,109,112.01,1009
2011.09.19,00:00,111.71,112.44,103.43,103.75,1007
2011.09.26,00:00,103.61,107.54,101.66,102.32,1048
2011.10.03,00:00,102,106.64,99.11,105.91,1116
2011.10.10,00:00,106.01,114.8,105.65,114.68,964
2011.10.17,00:00,112.46,113.86,107.31,109.79,1044
2011.10.24,00:00,109.32,112.79,108.76,109.93,746
2011.10.31,00:00,110.13,112.48,106.1,112.48,1042
2011.11.07,00:00,112.41,116.48,111.26,114.17,869
2011.11.14,00:00,114.63,114.83,106.97,107.81,891
2011.11.21,00:00,107.46,109.45,105.65,106.64,679
2011.11.28,00:00,106.73,112.03,106.63,110.2,734
2011.12.05,00:00,110.36,111.62,107.11,108.9,757
2011.12.12,00:00,108.75,111.1,102.46,103.65,1219
2011.12.19,00:00,103.63,108.55,102.37,108,800
2011.12.26,00:00,108.16,109.5,106.5,107.22,507
2012.01.02,00:00,108.35,114.64,108.35,113.52,742
2012.01.09,00:00,113.42,115.12,109.71,111.04,845
2012.01.16,00:00,110.61,112.76,109.42,110.17,625
2012.01.23,00:00,110.04,111.99,108.91,111.61,460
2012.01.30,00:00,111.5,114.71,110.25,114.65,578
2012.02.06,00:00,114.58,118.79,113.65,117.69,718
2012.02.13,00:00,117.69,120.7,116.53,119.94,610
2012.02.20,00:00,120,125.55,119.21,125.15,754
2012.02.27,00:00,125.25,128.4,120.5,123.63,1419
2012.03.05,00:00,123.37,126.37,121.59,125.71,723
2012.03.12,00:00,125.84,126.79,120.97,126.16,1133
2012.03.19,00:00,125.6,127.06,122.3,125.21,914
2012.03.26,00:00,125.04,126.18,121.37,122.82,741
2012.04.02,00:00,122.94,125.97,121.7,123.36,813
2012.04.09,00:00,122.85,122.86,119.05,121.83,661
2012.04.16,00:00,121,121,116.7,118.8,641
2012.04.23,00:00,118.7,120.17,117.21,119.7,493
2012.04.30,00:00,119.7,120.02,111.76,113.64,1047
2012.05.07,00:00,112.8,113.64,110.34,112.05,586
2012.05.14,00:00,112.07,112.67,106.4,107.12,760
2012.05.21,00:00,107.4,109.43,105.03,106.8,821
2012.05.28,00:00,106.83,108.04,97.54,98.76,1294
2012.06.04,00:00,98.43,102.45,95.63,99.76,1232
2012.06.11,00:00,100.24,102.21,96.33,97.68,921
2012.06.18,00:00,98.04,99.5,88.49,91.33,1532
2012.06.25,00:00,91.65,98.29,89.6,97.51,1153
2012.07.02,00:00,97.6,102.34,95.3,98.16,1353
2012.07.09,00:00,98.15,103.44,97.73,102.72,686
2012.07.16,00:00,101.58,108.18,101.02,106.74,917
2012.07.23,00:00,106.9,106.94,102.1,106.65,944
2012.07.30,00:00,106.37,109.13,104.06,108.71,781
2012.08.06,00:00,108.6,113.54,107.9,113.54,635
2012.08.13,00:00,113.4,116.72,112.7,113.76,769
2012.08.20,00:00,113.83,116.38,112.87,113.51,671
2012.08.27,00:00,113.8,115.5,111.5,114.92,689
2012.09.03,00:00,114.7,116.65,112.34,114.6,853
2012.09.10,00:00,114.55,117.48,113.92,116.9,478
2012.09.17,00:00,116.67,117.02,107.1,111.42,1460
2012.09.24,00:00,111.5,113.4,108.45,112.22,919
2012.10.01,00:00,112.34,113.27,107.67,112.04,1091
2012.10.08,00:00,111.99,116.02,110.54,114.4,856
2012.10.15,00:00,114.64,115.91,109.9,110.32,771
2012.10.22,00:00,109.95,110.97,106.8,109.7,810
2012.10.29,00:00,109.65,110.26,105.5,105.68,556
2012.11.05,00:00,105.55,111.64,104.76,109.78,954
2012.11.12,00:00,109.59,110.39,107.3,109.02,562
2012.11.19,00:00,109.2,112.2,109.01,111.39,420
2012.11.26,00:00,111.16,111.48,108.44,111.19,606
2012.12.03,00:00,110.96,112.33,106.63,107.2,765
2012.12.10,00:00,107.3,110.5,107.01,109.15,514
2012.12.17,00:00,108.3,110.66,107.58,109.15,532
2012.12.24,00:00,109.02,111.52,108.13,110.35,546
2012.12.31,00:00,110.35,112.9,109.38,111.4,600
2013.01.07,00:00,111.42,113.29,109.6,110.64,661
2013.01.14,00:00,110.62,112.46,109.33,111.67,522
2013.01.21,00:00,111.67,113.84,111.35,113.4,326
2013.01.28,00:00,113.45,117.07,112.6,116.65,575
2013.02.04,00:00,116.5,119.17,115.01,118.89,594
2013.02.11,00:00,118.9,119.07,116.28,117.97,466
2013.02.18,00:00,117.81,118.19,113.32,114.3,624
2013.02.25,00:00,114.19,115.87,109.82,110.51,843
2013.03.04,00:00,110.58,112.23,109.14,110.88,589
2013.03.11,00:00,110.67,111.2,107.91,109.42,534
2013.03.18,00:00,109.83,109.83,106.9,107.5,354
2013.03.25,00:00,106.86,110.1,106.8,109.77,370
2013.04.01,00:00,110.15,111.79,103.62,104.41,1061
2013.04.08,00:00,104.28,106.5,101.09,102.98,953
2013.04.15,00:00,102.94,103.05,96.75,99.3,897
2013.04.22,00:00,99.56,103.49,98.78,102.85,614
2013.04.29,00:00,102.79,104.92,98.76,104.22,1090
2013.05.06,00:00,104.25,105.94,101.56,103.72,824
2013.05.13,00:00,103.26,104.87,101.2,104.7,591
2013.05.20,00:00,104.75,105.31,100.64,102.59,719
2013.05.27,00:00,102.52,104.69,100.03,100.19,700
2013.06.03,00:00,100.15,105.01,99.66,104.72,614
2013.06.10,00:00,104.56,104.76,101.82,104.25,558
2013.06.17,00:00,105.77,106.67,100.04,101.05,855
2013.06.24,00:00,100.61,103.44,99.67,102.07,609
2013.07.01,00:00,101.9,107.88,101.63,107.79,662
2013.07.08,00:00,108,109.14,106.79,109.04,367
2013.07.15,00:00,108.99,109.26,107.01,108.4,392
2013.07.22,00:00,108.3,108.68,106.25,107.19,376
2013.07.29,00:00,107.19,110.09,105.73,108.91,701
2013.08.05,00:00,109.09,109.44,105.85,108.25,635
2013.08.12,00:00,108.13,111.53,107.43,110.42,592
2013.08.19,00:00,110.53,111.23,108.61,111.05,473
2013.08.26,00:00,111.15,117.34,110.5,114.45,1039
2013.09.02,00:00,114,116.56,112.2,115.83,690
2013.09.09,00:00,115.93,116.18,110.59,112.78,804
2013.09.16,00:00,111.25,111.49,107.41,109.35,627
2013.09.23,00:00,109.22,110.09,107.43,108.43,454
2013.09.30,00:00,108.2,109.85,106.81,109.5,479
2013.10.07,00:00,109.21,112,107.89,111.03,641
2013.10.14,00:00,110.87,111.41,108.71,109.94,448
2013.10.21,00:00,109.96,110.94,106.27,107.06,645
2013.10.28,00:00,107.04,110.16,105.78,105.91,764
2013.11.04,00:00,105.78,106.58,102.98,105.14,657
2013.11.11,00:00,105.17,108.96,105.15,108.5,430
2013.11.18,00:00,108.5,111.4,106.51,110.49,780
2013.11.25,00:00,109,111.66,108.05,110.11,612
2013.12.02,00:00,109.6,113.02,109.28,111.75,534
2013.12.09,00:00,111.69,111.79,108.02,108.83,469
2013.12.16,00:00,108.55,111.89,107.8,111.84,490
2013.12.23,00:00,111.55,112.8,111.27,112.11,251
2013.12.30,00:00,112.2,112.64,106.79,107.03,654
2014.01.06,00:00,106.8,108.2,106.03,107.49,366
2014.01.13,00:00,107.25,107.64,105.44,106.32,348
2014.01.20,00:00,106.28,108.33,105.81,107.89,344
2014.01.27,00:00,107.91,108.4,106.3,106.4,270
2014.02.03,00:00,106.4,109.74,105.4,109.63,546
2014.02.10,00:00,109.75,109.75,107.64,109.07,355
2014.02.17,00:00,109.13,110.82,108.64,109.84,366
2014.02.24,00:00,109.65,110.77,108.4,109.15,425
2014.03.03,00:00,109.44,112.39,107.37,108.75,936
2014.03.10,00:00,108.73,108.85,106.98,108.57,359
2014.03.17,00:00,108.55,108.6,105.41,107.2,504
2014.03.24,00:00,107.01,108.39,106.44,107.97,295
2014.03.31,00:00,108,108.33,103.95,106.65,742
2014.04.07,00:00,106.35,108.14,105.13,107.15,523
2014.04.14,00:00,107.42,110.36,107.26,109.75,388
2014.04.21,00:00,109.76,110.65,108.53,109.58,407
2014.04.28,00:00,109.5,110.2,106.85,108.65,586
2014.05.05,00:00,108.92,109.02,106.96,107.97,318
2014.05.12,00:00,107.94,110.6,107.94,109.68,359
2014.05.19,00:00,109.82,111.04,109.1,110.44,327
2014.05.26,00:00,110.4,110.8,109.22,109.49,226
2014.06.02,00:00,109.7,109.87,107.77,108.85,336
2014.06.09,00:00,108.68,114.69,108.55,113.41,756
2014.06.16,00:00,112.73,115.71,112.16,114.68,516
2014.06.23,00:00,114.99,115.66,112.9,113.18,372
2014.06.30,00:00,113.3,113.3,110.53,110.58,283
2014.07.07,00:00,110.65,110.92,106.27,106.53,519
2014.07.14,00:00,106.42,108.62,104.39,107.14,775
2014.07.21,00:00,107.15,108.46,106.73,108.13,249
2014.07.28,00:00,108.3,108.38,104.39,104.69,438
2014.08.04,00:00,104.82,106.85,104.07,104.67,542
2014.08.11,00:00,105,105.43,101.92,102.01,404
2014.08.18,00:00,103.21,103.3,101.07,102.1,336
2014.08.25,00:00,102.1,103.4,101.65,103.04,257
2014.09.01,00:00,102.95,103.3,100.17,100.97,429
2014.09.08,00:00,100.8,101,96.72,96.91,468
2014.09.15,00:00,97.73,99.61,97.02,98.38,454
2014.09.22,00:00,98.5,98.5,95.6,96.9,421
2014.09.29,00:00,96.81,97.8,91.48,92.25,809
2014.10.06,00:00,91.9,93.21,88.11,89.89,820
2014.10.13,00:00,89.89,90.18,82.93,86.1,1072
2014.10.20,00:00,86.35,87.19,84.12,86.25,605
2014.10.27,00:00,86.08,87.94,84.55,85.86,657
2014.11.03,00:00,85.85,86.4,81.63,83,670
2014.11.10,00:00,83.26,84.97,77.83,77.92,895
2014.11.17,00:00,79.5,81.61,77.56,80.36,725
2014.11.24,00:00,80.5,80.85,69.78,70.02,1167
2014.12.01,00:00,70.15,73.03,67.53,68.94,980
2014.12.08,00:00,68.79,68.79,61.35,61.65,775
2014.12.15,00:00,61.2,63.7,58.5,62.15,946
2014.12.22,00:00,61.99,62.97,59.21,59.52,506
2014.12.29,00:00,59.65,60.43,55.48,56.51,677
2015.01.05,00:00,56.25,56.3,48.9,49.95,851
2015.01.12,00:00,49.93,50.62,45.19,49.9,1084
2015.01.19,00:00,50.1,50.45,47.78,48.55,380
2015.01.26,00:00,48.56,53.08,47.57,52.95,664
2015.02.02,00:00,52.68,59.06,51.41,58.16,983
2015.02.09,00:00,57.93,61.77,53.91,61.41,1225
2015.02.16,00:00,61.49,63,57.8,60.1,902
2015.02.23,00:00,60.3,62.83,58.1,62.48,729
2015.03.02,00:00,62.5,62.5,59.17,59.86,403
2015.03.09,00:00,59.62,60.02,54.43,54.6,617
2015.03.16,00:00,54.66,56.84,52.57,55.22,799
2015.03.23,00:00,55.24,59.78,54.12,56.12,1045
2015.03.30,00:00,55.96,57.69,54,55.13,656
2015.04.06,00:00,55.18,59.27,55.08,58.04,553
2015.04.13,00:00,58.02,64.95,57.46,63.72,929
2015.04.20,00:00,63.85,65.8,61.39,65.49,719
2015.04.27,00:00,65.47,66.93,63.9,66.51,503
2015.05.04,00:00,66.4,69.63,64.23,65.59,1000
2015.05.11,00:00,65.37,68.17,64.25,66.59,663
2015.05.18,00:00,66.91,67.88,63.95,65.57,653
2015.05.25,00:00,65.56,66.22,61.24,65.45,986
2015.06.01,00:00,65.59,65.88,60.94,63.23,753
2015.06.08,00:00,63.06,66.36,62.47,63.78,707
2015.06.15,00:00,64.37,65.47,62.34,62.75,465
2015.06.22,00:00,62.57,65.05,62.1,63.05,543
2015.06.29,00:00,62.85,63.83,60.12,60.55,513
2015.07.06,00:00,60,60,55.1,58.72,853
2015.07.13,00:00,58.35,58.83,56.4,57.01,353
2015.07.20,00:00,57.12,57.44,54.3,54.56,373
2015.07.27,00:00,54.45,54.89,51.63,51.85,393
2015.08.03,00:00,51.55,52.01,48.42,48.49,413
2015.08.10,00:00,48.43,51.1,48.24,49.03,513
2015.08.17,00:00,48.76,49.44,45.07,45.43,542
2015.08.24,00:00,45.35,50.98,42.23,49.93,1293
2015.08.31,00:00,50.05,54.32,47.74,49.29,1241
2015.09.07,00:00,49.27,50.04,46.76,48.18,548
2015.09.14,00:00,48.08,50.34,46.26,47.78,787
2015.09.21,00:00,47.64,50.25,47.4,48.34,501
2015.09.28,00:00,48.34,49.84,46.93,48.22,571
2015.10.05,00:00,48.08,54.05,47.84,52.43,808
2015.10.12,00:00,52.64,53.31,48.21,50.5,807
2015.10.19,00:00,50.38,50.68,47.45,48.08,417
2015.10.26,00:00,48,50,46.41,49.5,569
2015.11.02,00:00,49.5,50.91,47.27,47.66,545
2015.11.09,00:00,47.46,48.41,43.57,43.61,584
2015.11.16,00:00,44.7,45.5,43.15,44.48,449
2015.11.23,00:00,44.46,46.5,43.57,44.87,546
2015.11.30,00:00,44.86,45.75,42.43,43.22,501
2015.12.07,00:00,43.26,43.26,37.36,37.98,653
2015.12.14,00:00,37.85,39.41,36.33,36.55,487
2015.12.21,00:00,36.55,38.1,35.98,37.93,287
2015.12.28,00:00,37.84,37.98,36.1,37.6,353
2016.01.04,00:00,37.85,38.99,32.16,33.26,908
2016.01.11,00:00,33.34,33.38,29.73,31.03,500
2016.01.18,00:00,28.73,32.3,27.1,32.18,696
2016.01.25,00:00,32.1,35.84,29.27,34.74,1051
2016.02.15,00:00,32.77,35.73,31.82,33.12,748
2016.02.22,00:00,33.25,37,32.37,35.13,739
2016.02.29,00:00,35.1,36.23,34.83,35.97,194
2016.03.14,00:00,39.14,42.54,38.83,41.46,511
2016.03.21,00:00,41.31,42.08,39.22,40.45,487
2016.03.28,00:00,40.58,41,38.74,39.6,355
2016.04.11,00:00,43.8,44.05,42.28,42.85,260
2016.04.17,00:00,44.73,45.89,44.29,45.15,26749
2016.04.18,00:00,41.8,46.18,40.1,44.7,927
2016.04.24,00:00,44.78,48.49,44.26,48.11,94889
2016.05.01,00:00,47.05,47.33,44.19,45.26,122794
2016.05.08,00:00,46.16,48.18,43.32,47.86,124490
2016.05.15,00:00,47.94,49.84,47.38,48.8,123928
2016.05.22,00:00,48.64,50.51,47.58,49.46,99095
2016.05.29,00:00,49.51,50.32,47.91,49.84,77269
2016.06.05,00:00,49.74,52.84,49.74,50.39,92426
2016.06.12,00:00,50.21,50.78,46.94,49.37,98664
2016.06.19,00:00,49.42,51.23,47.53,48.42,110713
2016.06.26,00:00,47.89,50.72,46.68,50.64,85867
2016.07.03,00:00,50.46,50.74,46.14,46.55,105961
2016.07.10,00:00,46.44,48.56,45.9,47.97,112442
2016.07.17,00:00,47.7,47.9,45.17,45.72,84778
2016.07.24,00:00,45.7,45.86,41.78,42.44,67797
2016.07.31,00:00,43.25,44.48,41.51,44.42,85627
2016.08.07,00:00,44.34,47.24,43.46,47.17,87309
2016.08.14,00:00,47.05,51.21,46.84,50.8,89925
2016.08.21,00:00,50.44,50.75,48.48,49.65,90269
2016.08.28,00:00,49.47,49.76,45.32,46.61,67498
2016.09.04,00:00,46.57,50.12,46.28,47.85,90432
2016.09.11,00:00,47.64,48.62,45.48,45.99,100806
2016.09.18,00:00,46.41,48.25,45.09,45.97,89485
2016.09.25,00:00,46.29,49.8,45.63,49,95430
2016.10.02,00:00,49.8,52.83,49.76,51.66,89738
2016.10.09,00:00,51.36,53.73,50.92,52,89403
2016.10.16,00:00,51.79,53.13,51.12,51.92,68218
2016.10.23,00:00,51.51,51.98,49.31,49.67,75185
2016.10.30,00:00,49.39,49.72,45.08,45.58,78968
2016.11.06,00:00,45.93,46.94,44.2,44.56,101052
2016.11.13,00:00,44.85,47.61,43.57,46.82,101476
2016.11.20,00:00,47.35,49.95,46.85,47.11,84838
2016.11.27,00:00,46.36,54.52,45.92,54.4,115331
2016.12.04,00:00,53.89,55.32,52.81,54.31,97932
2016.12.11,00:00,56.77,57.24,53.14,55.33,107489
2016.12.18,00:00,55.29,55.91,54.05,55.07,70064
2016.12.25,00:00,55.18,57.19,55.04,56.73,38545
2017.01.01,00:00,57.17,58.37,55.29,56.82,82487
2017.01.08,00:00,56.97,57,53.57,55.6,96530
2017.01.15,00:00,55.63,56.94,53.77,55.46,83808
2017.01.22,00:00,55.6,56.55,54.64,55.48,79377
2017.01.29,00:00,55.27,57.43,54.89,56.79,72575
2017.02.05,00:00,56.9,57.12,54.44,56.64,77811
2017.02.12,00:00,56.69,56.78,55.1,55.73,68190
2017.02.19,00:00,55.77,57.3,55.64,56.01,61823
2017.02.26,00:00,56,57.04,55.03,55.76,53314
2017.03.05,00:00,55.89,56.63,51.14,51.29,88815
2017.03.12,00:00,50.99,52.64,50.25,51.86,87766
2017.03.19,00:00,51.68,52.21,49.7,50.97,68439
2017.03.26,00:00,51.01,53.17,50.03,52.72,45491
2017.04.02,00:00,53.46,56.07,52.73,55.18,44705
2017.04.09,00:00,55.7,56.64,55.45,55.62,32898
2017.04.16,00:00,55.74,55.97,51.57,51.94,65902
2017.04.23,00:00,52.23,52.56,50.45,51.7,56143
2017.04.30,00:00,51.94,52.14,46.64,49.43,66554
2017.05.07,00:00,49.88,51.14,48.4,50.78,67881
2017.05.14,00:00,50.75,53.81,50.74,53.8,68046
2017.05.21,00:00,54,54.65,50.71,52.21,80546
2017.05.28,00:00,52.3,52.6,48.95,50.01,56956
2017.06.04,00:00,49.94,50.73,47.43,48.26,81198
2017.06.11,00:00,48.4,49.14,46.71,47.28,58149
2017.06.18,00:00,47.26,47.75,44.36,45.69,82063
2017.06.25,00:00,45.76,48.1,45.03,47.9,53879
2017.07.02,00:00,48.89,49.89,46.28,46.8,56886
2017.07.09,00:00,46.95,49.07,46.11,49.02,67519
2017.07.16,00:00,49,50.18,47.81,47.82,59717
2017.07.23,00:00,48.02,52.7,47.69,52.65,59060
2017.07.30,00:00,52.66,52.92,50.88,52.34,66689
2017.08.06,00:00,52.38,53.63,51.3,51.98,67920
2017.08.13,00:00,52.1,52.95,50,52.84,59978
2017.08.20,00:00,52.73,52.8,51.29,52.35,80194
2017.08.27,00:00,52.68,52.94,50.54,52.74,67479
2017.09.03,00:00,52.36,54.85,51.98,53.73,63899
2017.09.10,00:00,53.98,55.99,53.04,55.49,54138
2017.09.17,00:00,55.52,56.9,54.82,56.77,55740
2017.09.24,00:00,56.87,59.49,56.69,57.44,61647
2017.10.01,00:00,56.73,57.26,55.12,55.5,52993
2017.10.08,00:00,55.71,57.56,55.05,57.18,55398
2017.10.15,00:00,57.75,58.53,56.6,57.89,73120
2017.10.22,00:00,57.91,60.64,57.03,60.59,61160
2017.10.29,00:00,60.61,62.22,60,62.04,48332
2017.11.05,00:00,62.29,64.64,62.13,63.6,64308
2017.11.12,00:00,63.66,63.69,61.08,62.67,58429
2017.11.19,00:00,62.48,63.94,59.83,61.7,51480
2017.11.26,00:00,63.76,64.31,62.5,63.69,60870
2017.12.03,00:00,63.54,63.63,61.13,63.36,52643
2017.12.10,00:00,63.11,65.82,62.01,63.21,64842
2017.12.17,00:00,63.23,65.28,63,64.99,50381
2017.12.24,00:00,65.25,67.08,61.5,66.61,37156
2017.12.31,00:00,66.69,68.27,66.24,67.71,41518
2018.01.07,00:00,67.8,70.02,67.43,69.8,51597
2018.01.14,00:00,69.75,70.21,68.28,68.75,64110
2018.01.21,00:00,68.68,71.28,68.39,70.34,73923
2018.01.28,00:00,70.48,70.55,67.96,68.24,59130
2018.02.04,00:00,67.96,68.45,61.76,62.68,95822
2018.02.11,00:00,63.18,65.2,61.77,64.86,90838
2018.02.18,00:00,65.32,67.36,64.4,67.28,69319
2018.02.25,00:00,67.29,67.89,63.18,64.55,77408
2018.03.04,00:00,64.7,66.15,63.42,65.5,94729
2018.03.11,00:00,65.68,66.42,64.05,65.99,93530
2018.03.18,00:00,65.9,70.56,65.39,70.36,68402
2018.03.25,00:00,70.89,71.02,68.76,69.83,40927
2018.04.01,00:00,69.63,70.03,66.69,67.03,53945
2018.04.08,00:00,67.26,73.08,67.2,72.56,62137
2018.04.15,00:00,71.84,74.73,70.83,73.7,57280
2018.04.22,00:00,73.9,75.45,73.13,74.4,56005
2018.04.29,00:00,74.29,75.38,72.38,74.92,50558
2018.05.06,00:00,74.92,77.96,73.12,77.1,62924
2018.05.13,00:00,77.09,80.49,76.54,78.73,56461
2018.05.20,00:00,79,80.48,76,76.33,51970
2018.05.27,00:00,76.03,78.72,74.48,76.74,53269
2018.06.03,00:00,76.58,77.53,73.81,76.34,60760
2018.06.10,00:00,76.35,77.07,73.02,73.02,50321
2018.06.17,00:00,73.1,75.86,72.45,75.55,74927
2018.06.24,00:00,74.17,79.69,73.73,79.2,64219
2018.07.01,00:00,78.4,78.94,76.36,77.1,59642
2018.07.08,00:00,77.04,79.5,72.67,74.8,72430
2018.07.15,00:00,75.05,75.36,71.19,72.98,69121
2018.07.22,00:00,73.15,74.84,72.52,74.32,59872
2018.07.29,00:00,74.35,75.26,71.83,73.35,51410
2018.08.05,00:00,73.23,74.89,71.4,72.91,57173
2018.08.12,00:00,72.85,73.92,70.3,71.78,62031
2018.08.19,00:00,71.73,76.41,71.42,75.49,52610
2018.08.26,00:00,75.69,78.03,75.38,77.39,43775
2018.09.02,00:00,77.74,79.71,75.64,76.99,58960
2018.09.09,00:00,77.23,80.11,76.9,78.05,63047
2018.09.16,00:00,78.01,80.12,77.49,78.67,60088
2018.09.23,00:00,79.88,82.86,79.66,81.91,46957
2018.09.30,00:00,83.01,86.73,82.55,84.01,61239
2018.10.07,00:00,83.38,85.44,79.23,80.5,71908
2018.10.14,00:00,81.83,81.86,78.7,80.06,74641
2018.10.21,00:00,79.81,80.4,75.11,77.71,76491
2018.10.28,00:00,78.01,78.01,72.16,72.55,66553
2018.11.04,00:00,72.49,74.12,69.14,69.86,72135
2018.11.11,00:00,70.97,71.86,64.65,67.06,97541
2018.11.18,00:00,67.19,67.63,58.43,58.99,82775
2018.11.25,00:00,59.5,61.39,57.49,58.68,85508
2018.12.02,00:00,61.6,63.69,58.41,61.35,112447
2018.12.09,00:00,62.06,62.32,59.33,60.26,84668
2018.12.16,00:00,60.39,61.2,52.8,53.42,98277
2018.12.23,00:00,53.72,55.27,49.96,52.22,61744
2018.12.30,00:00,53.41,58.3,52.51,57.31,72674
2019.01.06,00:00,57.63,62.47,57.14,60.53,85411
2019.01.13,00:00,60.57,63,58.92,62.58,82206
2019.01.20,00:00,62.44,63.13,60.22,61.47,70070
2019.01.27,00:00,61.38,62.95,59.49,62.88,61248
2019.02.03,00:00,62.69,63.62,60.6,61.97,67645
2019.02.10,00:00,61.6,66.38,60.9,66.35,67654
2019.02.17,00:00,66.77,67.71,65.58,66.92,54900
2019.02.24,00:00,67.39,67.43,64.33,64.94,51611
2019.03.03,00:00,65.28,66.99,64.01,65.74,57575
2019.03.10,00:00,65.77,68.13,65.66,67.05,56075
